Rank,Male name,Female name
1,Liam,Olivia
2,Noah,Emma
3,Oliver,Amelia
4,Theodore,Charlotte
5,James,Mia
6,Henry,Sophia
7,Mateo,Isabella
8,Elijah,Evelyn
9,Lucas,Ava
10,William,Sofia
11,Benjamin,Camila
12,Levi,Harper
13,Ezra,Luna
14,Sebastian,Eleanor
15,Jack,Violet
16,Daniel,Aurora
17,Samuel,Elizabeth
18,Michael,Eliana
19,Ethan,Hazel
20,Asher,Chloe
21,John,Ellie
22,Hudson,Nora
23,Luca,Gianna
24,Leo,Lily
25,Elias,Emily
26,Owen,Aria
27,Alexander,Scarlett
28,Dylan,Penelope
29,Santiago,Zoe
30,Julian,Ella
31,David,Avery
32,Joseph,Abigail
33,Matthew,Mila
34,Luke,Lucy
35,Jackson,Isla
36,Maverick,Ivy
37,Miles,Layla
38,Wyatt,Lainey
39,Thomas,Nova
40,Isaac,Grace
41,Jacob,Willow
42,Mason,Riley
43,Gabriel,Emilia
44,Anthony,Naomi
45,Carter,Elena
46,Logan,Madison
47,Aiden,Valentina
48,Grayson,Victoria
49,Caleb,Stella
50,Cooper,Delilah
51,Charles,Maya
52,Roman,Hannah
53,Josiah,Leah
54,Ezekiel,Lillian
55,Thiago,Genesis
56,Isaiah,Josephine
57,Joshua,Sadie
58,Wesley,Adeline
59,Jayden,Zoey
60,Bennett,Sophie
61,Christopher,Paisley
62,Nathan,Alice
63,Angel,Ruby
64,Nolan,Eloise
65,Waylon,Madelyn
66,Cameron,Leilani
67,Brooks,Claire
68,Andrew,Addison
69,Beau,Ayla
70,Weston,Emery
71,Rowan,Iris
72,Adrian,Eden
73,Lincoln,Natalie
74,Enzo,Maria
75,Ian,Maeve
76,Kai,Daisy
77,Christian,Vivian
78,Axel,Clara
79,Aaron,Autumn
80,Theo,Liliana
81,Silas,Everly
82,Walker,Audrey
83,Jonathan,Lyla
84,Leonardo,Jade
85,Everett,Kinsley
86,Micah,Millie
87,Ryan,Madeline
88,August,Josie
89,Gael,Kennedy
90,Robert,Athena
91,Jose,Melody
92,Eli,Caroline
93,Jeremiah,Aaliyah
94,Luka,Anna
95,Amir,Sarah
96,Jaxon,Quinn
97,Parker,Lydia
98,Colton,Lucia
99,Myles,Allison
100,Adam,Hailey
101,Atlas,Ailany
102,Xavier,Cora
103,Easton,Ariana
104,Jordan,Parker
105,Arthur,Natalia
106,Landon,Gabriella
107,Austin,Savannah
108,Dominic,Brooklyn
109,Adriel,Bella
110,Damian,Georgia
111,Vincent,Juniper
112,River,Alaia
113,Emiliano,Raelynn
114,Jace,Hadley
115,Archer,Rose
116,Lorenzo,Julia
117,Jameson,Serenity
118,Nicholas,Eliza
119,Emmett,Margaret
120,Milo,Eva
121,Harrison,Amara
122,Giovanni,Melanie
123,Carson,Cecilia
124,George,Ashley
125,Kayden,Rylee
126,Jonah,Margot
127,Greyson,Samantha
128,Hunter,Catalina
129,Graham,Juliette
130,Luis,Aubrey
131,Declan,Esther
132,Sawyer,Mary
133,Jasper,Nevaeh
134,Ryder,Skylar
135,Carlos,Alina
136,Connor,Amira
137,Juan,Ember
138,Matteo,Magnolia
139,Dawson,Sienna
140,Calvin,Charlie
141,Leon,Elliana
142,Dean,Summer
143,Evan,Alana
144,Nathaniel,Brielle
145,Diego,Remi
146,Arlo,Sage
147,Bryson,Valerie
148,Jason,Hallie
149,Malachi,Wrenley
150,Elliot,Kehlani
151,Zion,Emerson
152,Emilio,June
153,Ivan,Sloane
154,Hayden,Emersyn
155,Stetson,Elsie
156,Jude,Oaklynn
157,Legend,Oakley
158,Matias,Blakely
159,Callum,Freya
160,Hayes,Piper
161,Jett,Valeria
162,Cole,Arya
163,Elliott,Adalynn
164,Jesus,Everleigh
165,Ace,Genevieve
166,Beckett,Anastasia
167,Alan,Isabel
168,Beckham,Peyton
169,Jayce,Amaya
170,Braxton,Isabelle
171,Jaxson,Olive
172,Amari,Ruth
173,Chase,Ximena
174,Rhett,Evangeline
175,Max,Katherine
176,Charlie,Callie
177,Felix,Rosalie
178,Kingston,Alani
179,Judah,Lilah
180,Antonio,Kaia
181,Emmanuel,Brianna
182,Maxwell,Bailey
183,Ryker,Phoebe
184,Alejandro,Vivienne
185,Nicolas,Andrea
186,Barrett,Myla
187,Jesse,Lia
188,Ashton,Sara
189,Miguel,Kylie
190,Brayden,Reese
191,Tyler,Annie
192,Peter,Daphne
193,Camden,Ada
194,Zachary,Adaline
195,Tatum,Arianna
196,Kevin,Ariella
197,Andres,Sutton
198,Finn,Celeste
199,Justin,Jasmine
200,Tucker,Mackenzie
201,Bentley,Haven
202,Zayden,Scottie
203,Messiah,Gemma
204,Abraham,Ana
205,Alex,Tatum
206,Adonis,Arabella
207,Kaiden,Lila
208,Timothy,Molly
209,Knox,Stevie
210,Tate,Blake
211,Caden,Aitana
212,Ayden,Alaina
213,Nico,Wren
214,Victor,River
215,Maddox,Noelle
216,Xander,Delaney
217,Oscar,Journee
218,Colter,Blair
219,Joel,Adalyn
220,Abel,Kaylee
221,Patrick,Alexandra
222,Rafael,Mabel
223,Griffin,Norah
224,Brody,Presley
225,Jaziel,Alora
226,Rory,Vera
227,Eithan,Celine
228,Edward,Amy
229,Riley,Brynlee
230,Brandon,Nyla
231,Milan,Saylor
232,Richard,Khloe
233,Malakai,Antonella
234,Ismael,Zara
235,Kyrie,Aliyah
236,Louis,Cataleya
237,Elian,Lennon
238,Kairo,Kiara
239,Cohen,Camille
240,Nash,Dahlia
241,Grant,Kaylani
242,Callan,Mariana
243,Dallas,Diana
244,Harvey,Reagan
245,Muhammad,Selena
246,Mark,Kimberly
247,Javier,Rachel
248,Karter,Gracie
249,Zayn,Faith
250,Crew,Juliana
251,Eric,Miriam
252,Simon,Elise
253,Aziel,Noa
254,Cyrus,Elaina
255,Gavin,Maisie
256,Marcus,Lilith
257,Ronan,Collins
258,Derek,Palmer
259,Avery,Lilly
260,Omar,Shiloh
261,Lane,Ophelia
262,Warren,Elianna
263,Lennox,Lena
264,Paul,Harmony
265,Blake,Aspen
266,Jeremy,Rowan
267,Tristan,Gia
268,Lukas,Leila
269,Steven,Jane
270,Emerson,Talia
271,Walter,Adelaide
272,Cade,Dakota
273,Ellis,Lola
274,Otto,Lucille
275,Phoenix,Kailani
276,Colt,Morgan
277,Atticus,Zuri
278,Kaleb,Milani
279,Israel,Daniela
280,Tobias,Selah
281,Holden,Alessia
282,Saint,Angela
283,Romeo,Juliet
284,Kenneth,Evie
285,Jorge,Amora
286,Angelo,Rory
287,Remington,Marley
288,Paxton,Sydney
289,Cody,Alanna
290,Finley,Leia
291,Kayson,Luciana
292,Koa,Kamila
293,Kash,Harlow
294,Josue,Kali
295,Ares,Octavia
296,Hendrix,Amari
297,Bryce,Sawyer
298,Maximiliano,Gabriela
299,Zyaire,Ariel
300,Reid,Maggie
301,Brian,Rosemary
302,Bodhi,Ryleigh
303,Cruz,Tessa
304,Kaden,Evelynn
305,Bryan,Londyn
306,Zane,Danna
307,Francisco,Amina
308,Martin,Brooke
309,Brady,Samara
310,Casey,Kendall
311,Shepherd,Rosie
312,Aidan,Alayna
313,Baker,Angelina
314,Malcolm,Francesca
315,Jax,Adelyn
316,Cash,Fatima
317,Clayton,Hope
318,Kohen,Nicole
319,Leonel,Nayeli
320,Cristian,Catherine
321,Bowen,Nina
322,Dante,Journey
323,Ali,Adriana
324,Jaylen,Camilla
325,Orion,Ailani
326,Briggs,Malia
327,Jensen,Meadow
328,Dakota,Jordyn
329,Preston,Joanna
330,Maximus,Emory
331,Gideon,Malani
332,Erick,Serena
333,Archie,Teagan
334,Colin,Aurelia
335,Sonny,Vanessa
336,Shiloh,Kayla
337,Mathias,Navy
338,Ezequiel,Poppy
339,Sullivan,Kalani
340,Joaquin,Regina
341,Wade,Adelina
342,King,Rebecca
343,Niko,Ariyah
344,Damien,Esme
345,Kade,Heidi
346,Bodie,Aisha
347,Dariel,Julieta
348,Luciano,Thea
349,Cayden,Annabelle
350,Andre,Esmeralda
351,Manuel,Lauren
352,Fernando,Julianna
353,Colson,Taylor
354,Rhys,Wrenlee
355,Cairo,London
356,Anderson,Giselle
357,Kyler,Sabrina
358,Onyx,Azalea
359,Ibrahim,Laura
360,Cesar,Sylvie
361,Travis,Sylvia
362,Santino,Alaya
363,Callahan,Raya
364,Bradley,Elora
365,Baylor,Finley
366,Banks,Mya
367,Russell,Dream
368,Desmond,Viviana
369,Killian,Elaine
370,Grady,Elodie
371,Rylan,Laila
372,Sterling,Sunny
373,Kylo,Briella
374,Eduardo,Lana
375,Ricardo,Paige
376,Wells,Itzel
377,Stephen,Mckenna
378,Zander,Melissa
379,Raymond,Frances
380,Hector,Mira
381,Eliam,Payton
382,Edwin,Hattie
383,Titus,Astrid
384,Iker,Brynn
385,Franklin,Winter
386,Kamari,Aylin
387,Marco,Miley
388,Spencer,Raven
389,Julius,Jocelyn
390,Khalil,Maryam
391,Marshall,Logan
392,Wilder,Veronica
393,Jared,Gwendolyn
394,Jaden,Anya
395,Kashton,Leighton
396,Jay,Alivia
397,Karson,Harley
398,Mario,Charlee
399,Ari,Alyssa
400,Remy,Colette
401,Pedro,Hayden
402,Sergio,Lorelai
403,Hugo,Jayla
404,Prince,Ivory
405,Winston,Anaya
406,Pablo,Fiona
407,Forrest,Trinity
408,Augustus,Aubree
409,Kobe,Michelle
410,Oakley,Matilda
411,Daxton,Lilliana
412,Tadeo,Mallory
413,Sage,Mariah
414,Apollo,Helena
415,Lawson,Wynter
416,Kian,Carmen
417,Solomon,Alayah
418,Chance,Liana
419,Kayce,Holly
420,Raphael,Madilyn
421,Reed,Phoenix
422,Jake,Raelyn
423,Frederick,Willa
424,Armani,Helen
425,Hank,Emely
426,Nehemiah,Alessandra
427,Royal,Gracelynn
428,Kameron,Carolina
429,Malik,Arleth
430,Alijah,Salem
431,Kane,Dorothy
432,Dalton,Xiomara
433,Lewis,Elisa
434,Noel,Reign
435,Benson,Florence
436,Sean,Alicia
437,Clark,Madeleine
438,Miller,Melany
439,Kyle,Katalina
440,Kieran,Zariah
441,Sutton,Bonnie
442,Fabian,Joy
443,Tanner,Kaliyah
444,Marcelo,Haisley
445,Rowen,Sarai
446,Isaias,Blaire
447,Zayne,Elowyn
448,Nasir,Saige
449,Raiden,Adelynn
450,Francis,Opal
451,Bo,Demi
452,Valentino,Nylah
453,Rome,Emmy
454,Damon,Camryn
455,Reece,Kira
456,Esteban,Lorelei
457,Edgar,Daleyza
458,Johnny,Raegan
459,Kylian,Maia
460,Tyson,Bianca
461,Uriel,Aniyah
462,Royce,Annalise
463,Cillian,Alexandria
464,Koda,Amirah
465,Kyson,Alison
466,Eden,Anahi
467,Jalen,Gracelyn
468,Frank,Brooklynn
469,Conrad,Miracle
470,Jasiah,Everlee
471,Matthias,Adhara
472,Zaire,Alma
473,Corbin,Macie
474,Asa,Murphy
475,Yusuf,Romina
476,Erik,Cassidy
477,Callen,Clementine
478,Kendrick,Heaven
479,Odin,Elle
480,Brantley,Skye
481,Rodrigo,Destiny
482,Marcos,Lyra
483,Gianni,Rylie
484,Alexis,Paris
485,Lucian,Cameron
486,Denver,Felicity
487,Sylas,Maddison
488,Andy,Leona
489,Collin,Scarlet
490,Hezekiah,Kora
491,Moshe,Mariam
492,Finnegan,Meredith
493,Ronin,Mckenzie
494,Atreus,Dayana
495,Adan,Cali
496,Emanuel,Amanda
497,Quinn,Arielle
498,Mack,Angel
499,Leandro,Calliope
500,Rocco,Fernanda
501,Ruben,Estella
502,Ledger,April
503,Azariah,Izabella
504,Donovan,Hanna
505,Moses,Marceline
506,Kaizen,Alexis
507,Elio,Carter
508,Leonidas,Daniella
509,Lawrence,Marlee
510,Tripp,Virginia
511,Ariel,Kataleya
512,Alonzo,Halo
513,Kaison,Nadia
514,Lian,Amiyah
515,Devin,Madelynn
516,Rio,Emerie
517,Johnathan,Renata
518,Ayaan,Oaklee
519,Gunner,Remington
520,Jeffrey,Maxine
521,Philip,Nellie
522,Samson,Briar
523,Moises,Danielle
524,Lucca,Charli
525,Musa,Makenna
526,Camilo,Imani
527,Hamza,Armani
528,Ridge,Edith
529,Kolton,Nalani
530,Morgan,Mae
531,Troy,Vienna
532,Kylan,Hadassah
533,Amiri,Stephanie
534,Boone,Ari
535,Makai,Kate
536,Johan,Jimena
537,Bruce,Briana
538,Dorian,Faye
539,Gregory,Jordan
540,Pierce,Louise
541,Roy,Amber
542,Drew,Makayla
543,Clay,Zahra
544,Caiden,Lylah
545,Enrique,Margo
546,Jamir,Amoura
547,Leland,Jennifer
548,Mohamed,Kyla
549,Alessandro,Mylah
550,Deacon,Winnie
551,Augustine,Alisson
552,Dominick,Amalia
553,Roberto,Reina
554,Kasen,Avianna
555,Zain,Allie
556,Jonas,Ivanna
557,Emir,Ariya
558,Seth,Lilian
559,Saul,Alia
560,Jamari,Aylani
561,Lionel,Noah
562,Garrett,Reyna
563,Jaiden,Lexi
564,Fletcher,Brinley
565,Scott,Iyla
566,Armando,Mavis
567,Cassius,Lina
568,Kason,Cecelia
569,Zachariah,Eve
570,Ford,Maren
571,Soren,Monroe
572,Zaiden,Capri
573,Allen,Emelia
574,Louie,Jessica
575,Ronald,Halle
576,Alden,Alejandra
577,Arturo,Gabrielle
578,Caspian,Yara
579,Rayan,Beatrice
580,Major,Della
581,Arjun,Kamryn
582,Colby,Katie
583,Eliel,Ariah
584,Krew,Arlette
585,Ander,Noemi
586,Kenzo,Alondra
587,Maximilian,Maliyah
588,Memphis,Mara
589,Nikolai,Jacqueline
590,Samir,Jazlyn
591,Ocean,Frankie
592,Anakin,Angie
593,Gerardo,Eileen
594,Keegan,Lyric
595,Maximo,Aliana
596,Mohammed,Sierra
597,Kaysen,Rosalia
598,Julio,Oaklyn
599,Mohammad,Chaya
600,Gunnar,Amaia
601,Shane,Leyla
602,Ozzy,Holland
603,Zakai,Cleo
604,Sincere,Jream
605,Jaime,Leslie
606,Albert,Sevyn
607,Azriel,Jolene
608,Izaiah,Mina
609,Jaxton,Keira
610,Raul,Legacy
611,Yosef,Tiana
612,Creed,Elliott
613,Rhodes,Cassandra
614,Princeton,Jaylani
615,Porter,Priscilla
616,Cassian,Rhea
617,Omari,Kinley
618,Tru,Clover
619,Chosen,Estrella
620,Reese,Zariyah
621,Jayceon,Journi
622,Jayson,Miranda
623,Jamie,Angelica
624,Reign,Marlowe
625,Trevor,Jovie
626,Phillip,Abby
627,Boston,Sariyah
628,Kamden,Kenzie
629,Crue,Oakleigh
630,Eliseo,Aya
631,Colsen,Siena
632,Keanu,Emberly
633,Mauricio,Melina
634,Salem,Amani
635,Dario,Bristol
636,Dax,Estelle
637,Jase,Galilea
638,Shawn,Irene
639,Vicente,Marie
640,Gustavo,Marina
641,Danny,Makenzie
642,Mylo,Sasha
643,Kyro,Paislee
644,Wilson,Isabela
645,Davis,Goldie
646,Jakari,Myra
647,Jakai,Davina
648,Truett,Flora
649,Hassan,Anne
650,Chris,Azariah
651,Sam,Indie
652,Brixton,Kaitlyn
653,Kyaire,Jazmin
654,Uriah,Gloria
655,Azael,Georgina
656,Westley,Shelby
657,Rocky,Dallas
658,Peyton,Thalia
659,Sevyn,Aliza
660,Dilan,Averie
661,Drake,Skyler
662,Zaid,Macy
663,Roland,Rosa
664,Dereck,Dulce
665,Braylen,Khaleesi
666,Harlan,Marilyn
667,Taylor,Martha
668,Riggs,Adley
669,Ahmad,Belen
670,Cal,Ellianna
671,Marvin,Kelsey
672,Donald,Nia
673,Leonard,Chana
674,Nathanael,Lakelynn
675,Aarav,Selene
676,Abdiel,Lottie
677,Kareem,Loretta
678,Corey,Aleena
679,Emmitt,Ila
680,Wylder,Dani
681,Koen,Remy
682,Junior,Whitley
683,Zyair,Jenna
684,Zayd,Lillie
685,Dustin,Kennedi
686,Wayne,Violeta
687,Ahmed,Kendra
688,Madden,Lennox
689,Quincy,Laney
690,Bellamy,Aviana
691,Lachlan,Solana
692,Layton,Veda
693,Amias,Marigold
694,Chaim,Billie
695,Layne,Drew
696,Mac,Dylan
697,Amos,Ellis
698,Briar,Gwen
699,Carmelo,Amayah
700,Aries,Milan
701,Bruno,Leilany
702,Houston,Ryan
703,Julien,Bridget
704,Trace,Christina
705,Brock,Ezra
706,Yahya,Ainsley
707,Conor,Emerald
708,Dennis,Hana
709,Duke,Noor
710,Abram,Rivka
711,Jefferson,Amelie
712,Vincenzo,Jenesis
713,Izan,Royalty
714,Lee,Lenora
715,Finnley,Taytum
716,Brayan,Jamie
717,Raylan,Kathryn
718,Enoch,Aileen
719,Avyaan,Arlet
720,Dexter,Coraline
721,Salvador,Kiana
722,Case,Kyra
723,Misael,Araceli
724,Forest,Azaria
725,Nikolas,Kenna
726,Westin,Monica
727,Braylon,Bethany
728,Clyde,Laurel
729,Ryland,Charley
730,Otis,Karla
731,Tommy,Kayleigh
732,Zeke,Rayna
733,Yehuda,Louisa
734,Tomas,Celia
735,Azrael,Emmie
736,Dutton,Fallon
737,Flynn,Persephone
738,Chandler,Winona
739,Idris,Marisol
740,Zamir,Lara
741,Ambrose,Kensley
742,Franco,Mckinley
743,Huxley,Michaela
744,Wes,Novalee
745,Chozen,Elyse
746,Darius,Lacey
747,Valentin,Penny
748,Alberto,Zelda
749,Magnus,Alena
750,Roger,Luz
751,Benicio,Keilani
752,Brycen,Nala
753,Marcel,Paula
754,Ryatt,Birdie
755,Zahir,Karsyn
756,Keith,Lakelyn
757,Rayden,Miller
758,Jamison,Jemma
759,Teo,Aleah
760,Skyler,Inaya
761,Blaze,Megan
762,Cayson,Sloan
763,Hugh,Charleigh
764,Yahir,Rosalina
765,Cannon,Andi
766,Yousef,Nola
767,Bjorn,Julie
768,Noe,Adrianna
769,Alonso,Kaeli
770,Alvaro,Addilyn
771,Evander,Freyja
772,Kenai,Ramona
773,Aurelio,Samira
774,Jahmir,Karina
775,Lochlan,Denver
776,Aron,Janelle
777,Harry,Mikayla
778,Nelson,Seraphina
779,Ray,Haley
780,Alfredo,Indy
781,Abdullah,Paulina
782,Aryan,Rowyn
783,Conner,Milana
784,Lennon,Chelsea
785,Bridger,Elina
786,Westyn,Milena
787,Jasiel,Valery
788,Quentin,Ivey
789,Trey,Maci
790,Yael,Stormi
791,Alvin,Brittany
792,Casen,Madilynn
793,Dakari,Aila
794,Rex,Yareli
795,Damir,Yaretzi
796,Waylen,Zaylee
797,Izael,Erin
798,Jeremias,Adele
799,Kaiser,Robin
800,Kolson,Jaliyah
801,Ben,Maisy
802,Kyree,Pearl
803,Tony,Adalee
804,Bode,Brynleigh
805,Jesiah,Keyla
806,Eiden,Alexa
807,Jaxxon,Baylor
808,Jedidiah,Jessie
809,Remi,Cielo
810,Robin,Braelynn
811,Santana,Alianna
812,Kyren,Theodora
813,Landen,Malaya
814,Ezrah,Meilani
815,Murphy,Tallulah
816,Castiel,Analia
817,Boden,Nyomi
818,Derrick,Promise
819,Karim,Sol
820,Mustafa,Xyla
821,Rey,Kylee
822,Rudy,Marjorie
823,Emery,Treasure
824,Ignacio,Soleil
825,Jettson,Zaria
826,Bear,Cynthia
827,Edison,Luella
828,Ricky,Sky
829,Ramon,Ayleen
830,Anders,Neriah
831,Gage,Iliana
832,Guillermo,Judith
833,Santos,Ocean
834,Kolter,Lea
835,Quinton,Linda
836,Axton,Livia
837,Abner,Maddie
838,Alfred,Magdalena
839,Darwin,Elia
840,Rohan,Kahlani
841,Lance,Micah
842,Avi,Tiffany
843,Keaton,Wrenleigh
844,Orlando,Zaniyah
845,Everest,Kallie
846,Jagger,Love
847,Elisha,Andie
848,Heath,Johanna
849,Jones,Mercy
850,Thaddeus,Skyla
851,Allan,Aliya
852,Cason,Deborah
853,Douglas,Zainab
854,Issac,Anais
855,Kenji,Greta
856,Matheo,Kaiya
857,Ty,Malaysia
858,Asaiah,Marianna
859,Jimmy,Amaris
860,Arian,Barbara
861,Ozias,Bellamy
862,Leroy,Dalia
863,Neil,Anika
864,Watson,Giana
865,Agustin,Keziah
866,Bryer,Nataly
867,Jerry,Cheyenne
868,Dillon,Kelly
869,Eren,Luisa
870,Eugene,Salma
871,Ayan,Teresa
872,Melvin,Aura
873,Nixon,Carly
874,Reuben,Liv
875,Stanley,Azari
876,Grey,Dafne
877,Loyal,Rebekah
878,Alec,Amiri
879,Casper,Berkley
880,Dane,Emberlynn
881,Azaiah,Hunter
882,Byron,Jaycee
883,Joe,Alexia
884,Emory,Reya
885,Zaylen,Ruthie
886,Massimo,Eleanora
887,Trenton,Janiyah
888,Gatlin,Rosalyn
889,Joey,Giuliana
890,Benny,Emiliana
891,Jon,Novah
892,Jrue,Tru
893,Gian,Kori
894,Seven,Aspyn
895,Colten,Chandler
896,Ernesto,Kailany
897,Fisher,Lilyana
898,Teddy,Elowen
899,Kaisen,Khalani
900,Zechariah,Naya
901,Darian,Zyla
902,Salvatore,Jolie
903,Jericho,Leanna
904,Mitchell,Yamileth
905,Alistair,Cattleya
906,Calum,Elisabeth
907,Van,Ensley
908,Zev,Ashlyn
909,Langston,Allyson
910,Mccoy,August
911,Ulises,Kimber
912,Lucien,Marleigh
913,Benedict,Soraya
914,Carlo,Anaiah
915,Coleson,Analeia
916,Meir,Waverly
917,Henrik,Yasmin
918,Jiraiya,Zora
919,Kellan,Joelle
920,Alfonso,Lilia
921,Azai,Nancy
922,Campbell,Icelynn
923,Kylen,Indigo
924,Felipe,Arely
925,Leif,Laylani
926,Rowdy,Romy
927,Curtis,Scout
928,Ameer,Ayra
929,Kiaan,Giovanna
930,Maurice,Siya
931,Krue,Katelyn
932,Shimon,Madalyn
933,Zyon,Natasha
934,Damari,Alaiya
935,Jairo,Honey
936,Khalid,Lettie
937,Kabir,Sarahi
938,Jireh,Elsa
939,Mathew,Emmeline
940,Shepard,Hadlee
941,Eddie,Lilianna
942,Isael,Zendaya
943,Arden,Ainhoa
944,Cedric,Elliot
945,Nazir,Jazmine
946,Alessio,Aadhya
947,Khai,Guinevere
948,Marcellus,Rayne
949,Wesson,Clare
950,Yisroel,Saanvi
951,Zymir,Campbell
952,Landyn,Salome
953,Darren,Tilly
954,Legacy,Yusra
955,Devon,Akira
956,Judson,Henley
957,Vihaan,Lyanna
958,Yitzchok,Quincy
959,Zen,Rosalee
960,Dangelo,Vada
961,Adler,Ainara
962,Aspen,Annika
963,Brodie,Ayah
964,Kase,Violette
965,Khaza,Aleia
966,Mordechai,Kaya
967,Dash,Mazie
968,Makari,Amyra
969,Neo,Celina
970,Zavier,Mikaela
971,Evren,Paloma
972,Imran,Elouise
973,Laith,Etta
974,Cain,Julietta
975,Ira,Kamiyah
976,Osiris,Zoya
977,Shlomo,Jayleen
978,Yaakov,Kassidy
979,Ephraim,Keily
980,Shmuel,Harlee
981,Wallace,Kiera
982,Yeshua,Liberty
983,Kannon,Darcy
984,Kingsley,Dior
985,Noa,Lisa
986,TRUE,Malka
987,Ermias,Arisbeth
988,Harold,Kara
989,Joziah,Bailee
990,Rene,Elani
991,Truce,Harmoni
992,Aldo,Mariella
993,Dimitri,Zayla
994,Halo,Emi
995,Ronnie,Jianna
996,Vance,Maelynn
997,Aden,Avani
998,Ishaan,Lavender
999,Kace,Karter
1000,Stefan,Raina